<?xml version="1.0" encoding="UTF-8"?>
<project-private xmlns="http://www.netbeans.org/ns/project-private/1">
    <editor-bookmarks xmlns="http://www.netbeans.org/ns/editor-bookmarks/2" lastBookmarkId="0"/>
    <open-files xmlns="http://www.netbeans.org/ns/projectui-open-files/2">
        <group>
            <file>file:/C:/Users/kasum/OneDrive/ドキュメント/NetBeansProjects/zaiko_kanri_system/web/login.jsp</file>
            <file>file:/C:/Users/kasum/OneDrive/ドキュメント/NetBeansProjects/zaiko_kanri_system/src/java/zaiko_kanri_system/zaiko_kanri_system.java</file>
            <file>file:/C:/Users/kasum/OneDrive/ドキュメント/NetBeansProjects/zaiko_kanri_system/web/WEB-INF/jsp/toroku_kanryo.jsp</file>
            <file>file:/C:/Users/kasum/OneDrive/ドキュメント/NetBeansProjects/zaiko_kanri_system/web/index.html</file>
            <file>file:/C:/Users/kasum/OneDrive/ドキュメント/NetBeansProjects/zaiko_kanri_system/web/logout.jsp</file>
            <file>file:/C:/Users/kasum/OneDrive/ドキュメント/NetBeansProjects/zaiko_kanri_system/src/java/zaiko_kanri_system/zaiko_data.java</file>
            <file>file:/C:/Users/kasum/OneDrive/ドキュメント/NetBeansProjects/zaiko_kanri_system/web/WEB-INF/jsp/ichiran.jsp</file>
            <file>file:/C:/Users/kasum/OneDrive/ドキュメント/NetBeansProjects/zaiko_kanri_system/web/WEB-INF/jsp/main.jsp</file>
            <file>file:/C:/Users/kasum/OneDrive/ドキュメント/NetBeansProjects/zaiko_kanri_system/src/java/zaiko_kanri_system/modoru.java</file>
            <file>file:/C:/Users/kasum/OneDrive/ドキュメント/NetBeansProjects/zaiko_kanri_system/src/java/zaiko_kanri_system/syohin_toroku.java</file>
        </group>
    </open-files>
</project-private>
