<?xml version="1.0" encoding="UTF-8"?>
<project-private xmlns="http://www.netbeans.org/ns/project-private/1">
    <editor-bookmarks xmlns="http://www.netbeans.org/ns/editor-bookmarks/2" lastBookmarkId="0"/>
    <open-files xmlns="http://www.netbeans.org/ns/projectui-open-files/2">
        <group>
            <file>file:/C:/Users/kasum/OneDrive/ドキュメント/NetBeansProjects/JavaUserManagementSystem_ver1.0/src/java/jums/InsertConfirm.java</file>
            <file>file:/C:/Users/kasum/OneDrive/ドキュメント/NetBeansProjects/JavaUserManagementSystem_ver1.0/web/insertconfirm.jsp</file>
            <file>file:/C:/Users/kasum/OneDrive/ドキュメント/NetBeansProjects/JavaUserManagementSystem_ver1.0/web/error.jsp</file>
            <file>file:/C:/Users/kasum/OneDrive/ドキュメント/NetBeansProjects/JavaUserManagementSystem_ver1.0/src/java/jums/UserDataBeans.java</file>
            <file>file:/C:/Users/kasum/OneDrive/ドキュメント/NetBeansProjects/JavaUserManagementSystem_ver1.0/web/insert.jsp</file>
            <file>file:/C:/Users/kasum/OneDrive/ドキュメント/NetBeansProjects/JavaUserManagementSystem_ver1.0/src/java/jums/InsertResult.java</file>
            <file>file:/C:/Users/kasum/OneDrive/ドキュメント/NetBeansProjects/JavaUserManagementSystem_ver1.0/src/java/jums/Insert.java</file>
            <file>file:/C:/Users/kasum/OneDrive/ドキュメント/NetBeansProjects/JavaUserManagementSystem_ver1.0/src/java/jums/UserDataDTO.java</file>
            <file>file:/C:/Users/kasum/OneDrive/ドキュメント/NetBeansProjects/JavaUserManagementSystem_ver1.0/web/insertresult.jsp</file>
            <file>file:/C:/Users/kasum/OneDrive/ドキュメント/NetBeansProjects/JavaUserManagementSystem_ver1.0/src/java/jums/UserDataDAO.java</file>
            <file>file:/C:/Users/kasum/OneDrive/ドキュメント/NetBeansProjects/JavaUserManagementSystem_ver1.0/web/index.jsp</file>
            <file>file:/C:/Users/kasum/OneDrive/ドキュメント/NetBeansProjects/JavaUserManagementSystem_ver1.0/src/java/jums/JumsHelper.java</file>
        </group>
    </open-files>
</project-private>
